216,188,2020-05-20,The results were worth all your hard work. You've got it now.
216,746,2020-05-20,This is prize-winning work. Your remark shows a lot of sensitivity.
216,761,2020-05-20,This is prize-winning work. Your remark shows a lot of sensitivity.
41,561,2020-05-20,That's right. Good for you. You're really moving.
131,217,2020-05-20,This is a moving scene. You've really been paying attention.
131,180,2020-05-20,This demonstrates your knowledge of the ____. You've made my day.
131,480,2020-05-20,This really has flair.
131,929,2020-05-20,This demonstrates your knowledge of the ____. You've made my day.
257,511,2020-05-20,"This is fun, isn't it? Your hard work has paid off."
257,103,2020-05-20,This is something special. Your work has such personality.
257,863,2020-05-20,This gets a four-star rating. You've put in a full day today.
70,77,2020-05-20,This gets a four-star rating. You've put in a full day today.
70,77,2020-05-20,The results were worth all your hard work. You've got it now.
116,392,2020-05-20,This is quite an accomplishment. Your style has spark.
90,336,2020-05-20,That's the right answer. You're right on target.
309,913,2020-05-20,This is something special. Your work has such personality.
324,561,2020-05-20,This gets a four-star rating. You've put in a full day today.
324,639,2020-05-20,"This is fun, isn't it? Your hard work has paid off."
313,262,2020-05-20,This paper has pizzazz!
313,231,2020-05-20,This kind of work pleases me very much.
313,445,2020-05-20,That's the right answer. You're right on target.
313,80,2020-05-20,This really has flair.
299,480,2020-05-20,This really has flair.
299,231,2020-05-20,That's very perceptive. You've come a long way with this one.
299,562,2020-05-20,This really has flair.
57,431,2020-05-20,"This is fun, isn't it? Your hard work has paid off."
57,556,2020-05-20,This is a moving scene. You've really been paying attention.
63,706,2020-05-20,This gets a four-star rating. You've put in a full day today.
71,313,2020-05-20,This is a winner! You've shown a lot of patience with this.
71,313,2020-05-20,That's right. Good for you. You're really moving.
71,774,2020-05-20,That's right. Good for you. You're really moving.
148,391,2020-05-20,That's very perceptive. You've come a long way with this one.
148,358,2020-05-20,This is a moving scene. You've really been paying attention.
156,262,2020-05-20,That's right. Good for you. You're really moving.
192,622,2020-05-20,This gets a four-star rating. You've put in a full day today.
192,972,2020-05-20,This is something special. Your work has such personality.
192,843,2020-05-20,This is prize-winning work. Your remark shows a lot of sensitivity.
62,606,2020-05-20,That's the right answer. You're right on target.
62,846,2020-05-20,"This is fun, isn't it? Your hard work has paid off."
62,647,2020-05-20,This gets a four-star rating. You've put in a full day today.
62,606,2020-05-20,This kind of work pleases me very much.
243,451,2020-05-20,That's right. Good for you. You're really moving.
243,633,2020-05-20,This paper has pizzazz!
243,382,2020-05-20,This really has flair.
297,432,2020-05-20,"This is fun, isn't it? Your hard work has paid off."
297,432,2020-05-20,This gets a four-star rating. You've put in a full day today.
297,522,2020-05-20,This demonstrates your knowledge of the ____. You've made my day.
104,209,2020-05-20,This really has flair.
104,441,2020-05-20,This demonstrates your knowledge of the ____. You've made my day.
104,332,2020-05-20,"This is fun, isn't it? Your hard work has paid off."
104,419,2020-05-20,"This is fun, isn't it? Your hard work has paid off."
311,445,2020-05-20,That's right. Good for you. You're really moving.
280,702,2020-05-20,This gets a four-star rating. You've put in a full day today.
280,863,2020-05-20,"This is fun, isn't it? Your hard work has paid off."
167,507,2020-05-20,This gets a four-star rating. You've put in a full day today.
167,627,2020-05-20,This paper has pizzazz!
167,313,2020-05-20,This is a moving scene. You've really been paying attention.
160,561,2020-05-20,That's right. Good for you. You're really moving.
160,474,2020-05-20,This is quite an accomplishment. Your style has spark.
160,755,2020-05-20,"This is fun, isn't it? Your hard work has paid off."
322,765,2020-05-20,The results were worth all your hard work. You've got it now.
322,765,2020-05-20,This is a winner! You've shown a lot of patience with this.
322,103,2020-05-20,This is something special. Your work has such personality.
221,339,2020-05-20,That's right. Good for you. You're really moving.
10,149,2020-05-20,This really has flair.
10,351,2020-05-20,This gets a four-star rating. You've put in a full day today.
10,291,2020-05-20,This really has flair.
10,746,2020-05-20,This kind of work pleases me very much.
169,705,2020-05-20,This demonstrates your knowledge of the ____. You've made my day.
169,962,2020-05-20,This gets a four-star rating. You've put in a full day today.
169,27,2020-05-20,This really has flair.
169,85,2020-05-20,That's the right answer. You're right on target.
117,508,2020-05-20,This really has flair.
117,336,2020-05-20,This paper has pizzazz!
117,382,2020-05-20,That's the right answer. You're right on target.
49,761,2020-05-20,This demonstrates your knowledge of the ____. You've made my day.
49,382,2020-05-20,This really has flair.
49,416,2020-05-20,This is a moving scene. You've really been paying attention.
24,580,2020-05-20,This is a moving scene. You've really been paying attention.
24,718,2020-05-20,That's right. Good for you. You're really moving.
253,718,2020-05-20,This is a winner! You've shown a lot of patience with this.
253,156,2020-05-20,That's right. Good for you. You're really moving.
253,746,2020-05-20,This is prize-winning work. Your remark shows a lot of sensitivity.
22,231,2020-05-20,This demonstrates your knowledge of the ____. You've made my day.
22,950,2020-05-20,This kind of work pleases me very much.
22,358,2020-05-20,This is a moving scene. You've really been paying attention.
200,451,2020-05-20,That's right. Good for you. You're really moving.
200,229,2020-05-20,This is prize-winning work. Your remark shows a lot of sensitivity.
200,351,2020-05-20,This gets a four-star rating. You've put in a full day today.
54,230,2020-05-20,This really has flair.
54,230,2020-05-20,This demonstrates your knowledge of the ____. You've made my day.
54,957,2020-05-20,This is prize-winning work. Your remark shows a lot of sensitivity.
278,209,2020-05-20,This kind of work pleases me very much.
278,561,2020-05-20,"This is fun, isn't it? Your hard work has paid off."
278,441,2020-05-20,That's right. Good for you. You're really moving.
155,527,2020-05-20,This really has flair.
155,633,2020-05-20,This is prize-winning work. Your remark shows a lot of sensitivity.
155,590,2020-05-20,This is something special. Your work has such personality.
155,416,2020-05-20,That's very perceptive. You've come a long way with this one.
168,382,2020-05-20,This is a winner! You've shown a lot of patience with this.
168,633,2020-05-20,That's the right answer. You're right on target.
168,149,2020-05-20,This is quite an accomplishment. Your style has spark.
239,765,2020-05-20,This is a moving scene. You've really been paying attention.
239,913,2020-05-20,This is a winner! You've shown a lot of patience with this.
234,77,2020-05-20,This is a moving scene. You've really been paying attention.
234,437,2020-05-20,This paper has pizzazz!
84,718,2020-05-20,That's very perceptive. You've come a long way with this one.
84,188,2020-05-20,The results were worth all your hard work. You've got it now.
84,188,2020-05-20,This demonstrates your knowledge of the ____. You've made my day.
84,149,2020-05-20,That's right. Good for you. You're really moving.
312,863,2020-05-20,This really has flair.
212,351,2020-05-20,That's right. Good for you. You're really moving.
211,392,2020-05-20,This demonstrates your knowledge of the ____. You've made my day.
211,550,2020-05-20,"This is fun, isn't it? Your hard work has paid off."
151,229,2020-05-20,This gets a four-star rating. You've put in a full day today.
151,229,2020-05-20,The results were worth all your hard work. You've got it now.
151,156,2020-05-20,This gets a four-star rating. You've put in a full day today.
52,231,2020-05-20,That's very perceptive. You've come a long way with this one.
184,843,2020-05-20,This gets a four-star rating. You've put in a full day today.
261,322,2020-05-20,That's right. Good for you. You're really moving.
261,934,2020-05-20,That's right. Good for you. You're really moving.
261,80,2020-05-20,The results were worth all your hard work. You've got it now.
261,449,2020-05-20,That's the right answer. You're right on target.
283,234,2020-05-20,"This is fun, isn't it? Your hard work has paid off."
162,557,2020-05-20,This is a winner! You've shown a lot of patience with this.
162,869,2020-05-20,That's very perceptive. You've come a long way with this one.
228,231,2020-05-20,This is a winner! You've shown a lot of patience with this.
228,425,2020-05-20,That's right. Good for you. You're really moving.
228,332,2020-05-20,This kind of work pleases me very much.
228,392,2020-05-20,That's right. Good for you. You're really moving.
174,351,2020-05-20,That's the right answer. You're right on target.
174,291,2020-05-20,That's the right answer. You're right on target.
174,633,2020-05-20,This kind of work pleases me very much.
233,557,2020-05-20,This is quite an accomplishment. Your style has spark.
139,419,2020-05-20,"This is fun, isn't it? Your hard work has paid off."
319,391,2020-05-20,This demonstrates your knowledge of the ____. You've made my day.
319,339,2020-05-20,"This is fun, isn't it? Your hard work has paid off."
289,950,2020-05-20,That's the right answer. You're right on target.
289,231,2020-05-20,This is quite an accomplishment. Your style has spark.
286,580,2020-05-20,The results were worth all your hard work. You've got it now.
286,149,2020-05-20,That's the right answer. You're right on target.
286,527,2020-05-20,That's very perceptive. You've come a long way with this one.
16,755,2020-05-20,That's the right answer. You're right on target.
16,332,2020-05-20,That's right. Good for you. You're really moving.
152,332,2020-05-20,This is something special. Your work has such personality.
152,449,2020-05-20,"This is fun, isn't it? Your hard work has paid off."
152,445,2020-05-20,That's right. Good for you. You're really moving.
223,962,2020-05-20,That's right. Good for you. You're really moving.
223,440,2020-05-20,This kind of work pleases me very much.
226,339,2020-05-20,"This is fun, isn't it? Your hard work has paid off."
226,27,2020-05-20,This is quite an accomplishment. Your style has spark.
226,180,2020-05-20,This is a winner! You've shown a lot of patience with this.
105,149,2020-05-20,This gets a four-star rating. You've put in a full day today.
105,444,2020-05-20,This is something special. Your work has such personality.
105,444,2020-05-20,That's right. Good for you. You're really moving.
182,229,2020-05-20,The results were worth all your hard work. You've got it now.
182,746,2020-05-20,This is prize-winning work. Your remark shows a lot of sensitivity.
176,619,2020-05-20,This really has flair.
176,619,2020-05-20,This is something special. Your work has such personality.
176,313,2020-05-20,This is quite an accomplishment. Your style has spark.
176,619,2020-05-20,This demonstrates your knowledge of the ____. You've made my day.
330,627,2020-05-20,That's very perceptive. You've come a long way with this one.
330,619,2020-05-20,This is prize-winning work. Your remark shows a lot of sensitivity.
330,313,2020-05-20,This demonstrates your knowledge of the ____. You've made my day.
330,313,2020-05-20,That's right. Good for you. You're really moving.
307,680,2020-05-20,This is a moving scene. You've really been paying attention.
307,702,2020-05-20,That's right. Good for you. You're really moving.
67,627,2020-05-20,This is a moving scene. You've really been paying attention.
67,313,2020-05-20,This is prize-winning work. Your remark shows a lot of sensitivity.
67,313,2020-05-20,This demonstrates your knowledge of the ____. You've made my day.
67,507,2020-05-20,The results were worth all your hard work. You've got it now.
106,188,2020-05-20,This is prize-winning work. Your remark shows a lot of sensitivity.
15,556,2020-05-20,This is a moving scene. You've really been paying attention.
86,705,2020-05-20,This is prize-winning work. Your remark shows a lot of sensitivity.
86,480,2020-05-20,This is prize-winning work. Your remark shows a lot of sensitivity.
44,156,2020-05-20,That's very perceptive. You've come a long way with this one.
44,527,2020-05-20,This is something special. Your work has such personality.
1,627,2020-05-20,This really has flair.
132,229,2020-05-20,This gets a four-star rating. You've put in a full day today.
132,444,2020-05-20,This gets a four-star rating. You've put in a full day today.
132,229,2020-05-20,This really has flair.
64,633,2020-05-20,This is a moving scene. You've really been paying attention.
180,633,2020-05-20,That's very perceptive. You've come a long way with this one.
245,242,2020-05-20,This is a winner! You've shown a lot of patience with this.
245,755,2020-05-20,This paper has pizzazz!
263,627,2020-05-20,This paper has pizzazz!
263,507,2020-05-20,The results were worth all your hard work. You've got it now.
263,313,2020-05-20,That's the right answer. You're right on target.
249,188,2020-05-20,This is a winner! You've shown a lot of patience with this.
249,188,2020-05-20,This gets a four-star rating. You've put in a full day today.
249,291,2020-05-20,This is a moving scene. You've really been paying attention.
267,639,2020-05-20,That's the right answer. You're right on target.
296,431,2020-05-20,This is something special. Your work has such personality.
296,913,2020-05-20,This is a winner! You've shown a lot of patience with this.
296,868,2020-05-20,The results were worth all your hard work. You've got it now.
296,680,2020-05-20,This is prize-winning work. Your remark shows a lot of sensitivity.
171,262,2020-05-20,This is prize-winning work. Your remark shows a lot of sensitivity.
171,934,2020-05-20,This is quite an accomplishment. Your style has spark.
103,351,2020-05-20,This kind of work pleases me very much.
103,590,2020-05-20,That's right. Good for you. You're really moving.
103,156,2020-05-20,That's very perceptive. You've come a long way with this one.
103,188,2020-05-20,This is something special. Your work has such personality.
32,419,2020-05-20,That's the right answer. You're right on target.
32,231,2020-05-20,The results were worth all your hard work. You've got it now.
37,647,2020-05-20,That's the right answer. You're right on target.
37,557,2020-05-20,This really has flair.
37,77,2020-05-20,That's right. Good for you. You're really moving.
37,869,2020-05-20,This kind of work pleases me very much.
72,798,2020-05-20,That's the right answer. You're right on target.
72,896,2020-05-20,This is quite an accomplishment. Your style has spark.
72,27,2020-05-20,This paper has pizzazz!
72,622,2020-05-20,This demonstrates your knowledge of the ____. You've made my day.
303,702,2020-05-20,That's right. Good for you. You're really moving.
303,103,2020-05-20,This demonstrates your knowledge of the ____. You've made my day.
303,234,2020-05-20,"This is fun, isn't it? Your hard work has paid off."
310,761,2020-05-20,The results were worth all your hard work. You've got it now.
310,416,2020-05-20,That's very perceptive. You've come a long way with this one.
310,149,2020-05-20,This kind of work pleases me very much.
194,437,2020-05-20,This is a moving scene. You've really been paying attention.
194,869,2020-05-20,This demonstrates your knowledge of the ____. You've made my day.
2,761,2020-05-20,This is a moving scene. You've really been paying attention.
3,313,2020-05-20,This kind of work pleases me very much.
4,863,2020-05-20,This paper has pizzazz!
5,440,2020-05-20,This is a moving scene. You've really been paying attention.
6,896,2020-05-20,This kind of work pleases me very much.
7,441,2020-05-20,This is a winner! You've shown a lot of patience with this.
8,358,2020-05-20,This is a moving scene. You've really been paying attention.
9,313,2020-05-20,This is quite an accomplishment. Your style has spark.
11,138,2020-05-20,This demonstrates your knowledge of the ____. You've made my day.
12,234,2020-05-20,This is prize-winning work. Your remark shows a lot of sensitivity.
13,896,2020-05-20,This demonstrates your knowledge of the ____. You've made my day.
14,843,2020-05-20,This is a moving scene. You've really been paying attention.
17,313,2020-05-20,This is a moving scene. You've really been paying attention.
18,863,2020-05-20,This really has flair.
19,561,2020-05-20,"This is fun, isn't it? Your hard work has paid off."
20,138,2020-05-20,That's right. Good for you. You're really moving.
21,441,2020-05-20,This is prize-winning work. Your remark shows a lot of sensitivity.
23,313,2020-05-20,This is something special. Your work has such personality.
25,527,2020-05-20,This is prize-winning work. Your remark shows a lot of sensitivity.
26,761,2020-05-20,This kind of work pleases me very much.
27,339,2020-05-20,This is prize-winning work. Your remark shows a lot of sensitivity.
28,550,2020-05-20,This really has flair.
29,580,2020-05-20,This is prize-winning work. Your remark shows a lot of sensitivity.
30,527,2020-05-20,This gets a four-star rating. You've put in a full day today.
31,351,2020-05-20,That's very perceptive. You've come a long way with this one.
33,445,2020-05-20,That's right. Good for you. You're really moving.
34,445,2020-05-20,This is quite an accomplishment. Your style has spark.
35,419,2020-05-20,The results were worth all your hard work. You've got it now.
36,796,2020-05-20,This demonstrates your knowledge of the ____. You've made my day.
38,796,2020-05-20,That's the right answer. You're right on target.
39,313,2020-05-20,This is a winner! You've shown a lot of patience with this.
40,358,2020-05-20,This paper has pizzazz!
42,419,2020-05-20,That's very perceptive. You've come a long way with this one.
43,550,2020-05-20,The results were worth all your hard work. You've got it now.
45,761,2020-05-20,"This is fun, isn't it? Your hard work has paid off."
46,580,2020-05-20,This is prize-winning work. Your remark shows a lot of sensitivity.
47,419,2020-05-20,That's the right answer. You're right on target.
48,230,2020-05-20,That's right. Good for you. You're really moving.
50,580,2020-05-20,This demonstrates your knowledge of the ____. You've made my day.
51,561,2020-05-20,This is something special. Your work has such personality.
53,445,2020-05-20,"This is fun, isn't it? Your hard work has paid off."
55,419,2020-05-20,That's right. Good for you. You're really moving.
56,580,2020-05-20,That's the right answer. You're right on target.
58,796,2020-05-20,That's right. Good for you. You're really moving.
59,550,2020-05-20,"This is fun, isn't it? Your hard work has paid off."
60,351,2020-05-20,"This is fun, isn't it? Your hard work has paid off."
61,351,2020-05-20,That's very perceptive. You've come a long way with this one.
65,896,2020-05-20,The results were worth all your hard work. You've got it now.
66,313,2020-05-20,That's the right answer. You're right on target.
68,606,2020-05-20,This paper has pizzazz!
69,896,2020-05-20,That's right. Good for you. You're really moving.
73,441,2020-05-20,That's very perceptive. You've come a long way with this one.
74,339,2020-05-20,This paper has pizzazz!
75,580,2020-05-20,"This is fun, isn't it? Your hard work has paid off."
76,580,2020-05-20,This kind of work pleases me very much.
77,245,2020-05-20,This demonstrates your knowledge of the ____. You've made my day.
78,896,2020-05-20,This really has flair.
79,339,2020-05-20,This is a winner! You've shown a lot of patience with this.
80,796,2020-05-20,This kind of work pleases me very much.
81,358,2020-05-20,This is quite an accomplishment. Your style has spark.
82,138,2020-05-20,This demonstrates your knowledge of the ____. You've made my day.
83,441,2020-05-20,This is a winner! You've shown a lot of patience with this.
85,863,2020-05-20,That's right. Good for you. You're really moving.
87,896,2020-05-20,This is a winner! You've shown a lot of patience with this.
88,580,2020-05-20,This gets a four-star rating. You've put in a full day today.
89,229,2020-05-20,This is prize-winning work. Your remark shows a lot of sensitivity.
91,138,2020-05-20,This is a winner! You've shown a lot of patience with this.
92,313,2020-05-20,This is quite an accomplishment. Your style has spark.
93,245,2020-05-20,This kind of work pleases me very much.
94,419,2020-05-20,The results were worth all your hard work. You've got it now.
95,445,2020-05-20,This demonstrates your knowledge of the ____. You've made my day.
96,441,2020-05-20,That's the right answer. You're right on target.
97,339,2020-05-20,This really has flair.
98,863,2020-05-20,This really has flair.
99,138,2020-05-20,This paper has pizzazz!
100,245,2020-05-20,That's very perceptive. You've come a long way with this one.
101,419,2020-05-20,This is a winner! You've shown a lot of patience with this.
102,313,2020-05-20,"This is fun, isn't it? Your hard work has paid off."
107,796,2020-05-20,The results were worth all your hard work. You've got it now.
108,234,2020-05-20,That's very perceptive. You've come a long way with this one.
109,313,2020-05-20,This kind of work pleases me very much.
110,896,2020-05-20,This is a moving scene. You've really been paying attention.
111,138,2020-05-20,This really has flair.
112,313,2020-05-20,This gets a four-star rating. You've put in a full day today.
113,716,2020-05-20,This is a winner! You've shown a lot of patience with this.
114,138,2020-05-20,That's the right answer. You're right on target.
115,440,2020-05-20,This is prize-winning work. Your remark shows a lot of sensitivity.
118,843,2020-05-20,That's right. Good for you. You're really moving.
119,358,2020-05-20,That's very perceptive. You've come a long way with this one.
120,229,2020-05-20,This gets a four-star rating. You've put in a full day today.
121,527,2020-05-20,This paper has pizzazz!
122,606,2020-05-20,This gets a four-star rating. You've put in a full day today.
123,718,2020-05-20,This demonstrates your knowledge of the ____. You've made my day.
124,580,2020-05-20,This really has flair.
125,351,2020-05-20,This is a winner! You've shown a lot of patience with this.
126,229,2020-05-20,That's very perceptive. You've come a long way with this one.
127,527,2020-05-20,This is quite an accomplishment. Your style has spark.
128,358,2020-05-20,"This is fun, isn't it? Your hard work has paid off."
129,419,2020-05-20,"This is fun, isn't it? Your hard work has paid off."
130,229,2020-05-20,This is quite an accomplishment. Your style has spark.
133,419,2020-05-20,This kind of work pleases me very much.
134,351,2020-05-20,That's the right answer. You're right on target.
135,580,2020-05-20,This is prize-winning work. Your remark shows a lot of sensitivity.
136,229,2020-05-20,This is a winner! You've shown a lot of patience with this.
137,229,2020-05-20,This is quite an accomplishment. Your style has spark.
138,358,2020-05-20,This kind of work pleases me very much.
140,358,2020-05-20,That's right. Good for you. You're really moving.
141,550,2020-05-20,This paper has pizzazz!
142,580,2020-05-20,This is something special. Your work has such personality.
143,230,2020-05-20,This is a moving scene. You've really been paying attention.
144,606,2020-05-20,The results were worth all your hard work. You've got it now.
145,441,2020-05-20,This is something special. Your work has such personality.
146,419,2020-05-20,This demonstrates your knowledge of the ____. You've made my day.
147,441,2020-05-20,This demonstrates your knowledge of the ____. You've made my day.
149,234,2020-05-20,This is a moving scene. You've really been paying attention.
150,339,2020-05-20,That's right. Good for you. You're really moving.
153,339,2020-05-20,"This is fun, isn't it? Your hard work has paid off."
154,441,2020-05-20,This is quite an accomplishment. Your style has spark.
157,843,2020-05-20,"This is fun, isn't it? Your hard work has paid off."
158,229,2020-05-20,"This is fun, isn't it? Your hard work has paid off."
159,761,2020-05-20,This is something special. Your work has such personality.
161,896,2020-05-20,The results were worth all your hard work. You've got it now.
163,230,2020-05-20,This paper has pizzazz!
164,863,2020-05-20,That's right. Good for you. You're really moving.
165,716,2020-05-20,That's very perceptive. You've come a long way with this one.
166,561,2020-05-20,This is a winner! You've shown a lot of patience with this.
170,234,2020-05-20,This is prize-winning work. Your remark shows a lot of sensitivity.
172,606,2020-05-20,This gets a four-star rating. You've put in a full day today.
173,718,2020-05-20,This really has flair.
175,796,2020-05-20,This is quite an accomplishment. Your style has spark.
177,896,2020-05-20,That's the right answer. You're right on target.
178,550,2020-05-20,The results were worth all your hard work. You've got it now.
179,441,2020-05-20,That's very perceptive. You've come a long way with this one.
181,245,2020-05-20,That's very perceptive. You've come a long way with this one.
183,229,2020-05-20,This paper has pizzazz!
185,606,2020-05-20,"This is fun, isn't it? Your hard work has paid off."
186,234,2020-05-20,This gets a four-star rating. You've put in a full day today.
187,230,2020-05-20,This really has flair.
188,527,2020-05-20,That's the right answer. You're right on target.
189,606,2020-05-20,This is quite an accomplishment. Your style has spark.
190,606,2020-05-20,This is something special. Your work has such personality.
191,561,2020-05-20,That's the right answer. You're right on target.
193,561,2020-05-20,This gets a four-star rating. You've put in a full day today.
195,606,2020-05-20,That's the right answer. You're right on target.
196,313,2020-05-20,The results were worth all your hard work. You've got it now.
197,796,2020-05-20,That's very perceptive. You've come a long way with this one.
198,234,2020-05-20,This demonstrates your knowledge of the ____. You've made my day.
199,445,2020-05-20,This is quite an accomplishment. Your style has spark.
201,580,2020-05-20,That's right. Good for you. You're really moving.
202,580,2020-05-20,This kind of work pleases me very much.
203,440,2020-05-20,"This is fun, isn't it? Your hard work has paid off."
204,230,2020-05-20,This is prize-winning work. Your remark shows a lot of sensitivity.
205,351,2020-05-20,The results were worth all your hard work. You've got it now.
206,606,2020-05-20,This is quite an accomplishment. Your style has spark.
207,358,2020-05-20,The results were worth all your hard work. You've got it now.
208,313,2020-05-20,This is something special. Your work has such personality.
209,527,2020-05-20,That's the right answer. You're right on target.
210,245,2020-05-20,This gets a four-star rating. You've put in a full day today.
213,441,2020-05-20,This is a winner! You've shown a lot of patience with this.
214,351,2020-05-20,That's right. Good for you. You're really moving.
215,358,2020-05-20,This gets a four-star rating. You've put in a full day today.
217,527,2020-05-20,That's right. Good for you. You're really moving.
218,351,2020-05-20,"This is fun, isn't it? Your hard work has paid off."
219,606,2020-05-20,This really has flair.
220,843,2020-05-20,This demonstrates your knowledge of the ____. You've made my day.
222,863,2020-05-20,The results were worth all your hard work. You've got it now.
224,234,2020-05-20,"This is fun, isn't it? Your hard work has paid off."
225,718,2020-05-20,"This is fun, isn't it? Your hard work has paid off."
227,580,2020-05-20,This is something special. Your work has such personality.
229,718,2020-05-20,This is prize-winning work. Your remark shows a lot of sensitivity.
230,229,2020-05-20,That's right. Good for you. You're really moving.
231,313,2020-05-20,That's very perceptive. You've come a long way with this one.
232,245,2020-05-20,The results were worth all your hard work. You've got it now.
235,445,2020-05-20,This is prize-winning work. Your remark shows a lot of sensitivity.
236,718,2020-05-20,That's very perceptive. You've come a long way with this one.
237,716,2020-05-20,The results were worth all your hard work. You've got it now.
238,229,2020-05-20,This is a winner! You've shown a lot of patience with this.
240,313,2020-05-20,This really has flair.
241,580,2020-05-20,That's very perceptive. You've come a long way with this one.
242,138,2020-05-20,"This is fun, isn't it? Your hard work has paid off."
244,358,2020-05-20,This kind of work pleases me very much.
246,445,2020-05-20,"This is fun, isn't it? Your hard work has paid off."
247,896,2020-05-20,This really has flair.
248,718,2020-05-20,This is quite an accomplishment. Your style has spark.
250,441,2020-05-20,This is quite an accomplishment. Your style has spark.
251,358,2020-05-20,This is a winner! You've shown a lot of patience with this.
252,716,2020-05-20,This is something special. Your work has such personality.
254,229,2020-05-20,This is a winner! You've shown a lot of patience with this.
255,796,2020-05-20,This really has flair.
256,441,2020-05-20,This kind of work pleases me very much.
258,843,2020-05-20,That's very perceptive. You've come a long way with this one.
259,441,2020-05-20,This really has flair.
260,580,2020-05-20,This is prize-winning work. Your remark shows a lot of sensitivity.
262,245,2020-05-20,This really has flair.
264,561,2020-05-20,That's very perceptive. You've come a long way with this one.
265,796,2020-05-20,That's right. Good for you. You're really moving.
266,796,2020-05-20,This demonstrates your knowledge of the ____. You've made my day.
268,440,2020-05-20,This demonstrates your knowledge of the ____. You've made my day.
269,606,2020-05-20,This is quite an accomplishment. Your style has spark.
270,229,2020-05-20,That's right. Good for you. You're really moving.
271,606,2020-05-20,This gets a four-star rating. You've put in a full day today.
272,138,2020-05-20,That's the right answer. You're right on target.
273,245,2020-05-20,That's very perceptive. You've come a long way with this one.
274,440,2020-05-20,This is a winner! You've shown a lot of patience with this.
275,761,2020-05-20,This paper has pizzazz!
276,313,2020-05-20,This gets a four-star rating. You've put in a full day today.
277,761,2020-05-20,That's the right answer. You're right on target.
279,843,2020-05-20,This is quite an accomplishment. Your style has spark.
281,358,2020-05-20,This is something special. Your work has such personality.
282,843,2020-05-20,This gets a four-star rating. You've put in a full day today.
284,441,2020-05-20,This is something special. Your work has such personality.
285,550,2020-05-20,That's right. Good for you. You're really moving.
287,351,2020-05-20,The results were worth all your hard work. You've got it now.
288,441,2020-05-20,This kind of work pleases me very much.
290,245,2020-05-20,This kind of work pleases me very much.
291,419,2020-05-20,This is a winner! You've shown a lot of patience with this.
292,245,2020-05-20,This is quite an accomplishment. Your style has spark.
293,550,2020-05-20,This is a moving scene. You've really been paying attention.
294,245,2020-05-20,This is something special. Your work has such personality.
295,358,2020-05-20,This paper has pizzazz!
298,580,2020-05-20,This is a moving scene. You've really been paying attention.
300,716,2020-05-20,"This is fun, isn't it? Your hard work has paid off."
301,716,2020-05-20,That's right. Good for you. You're really moving.
302,863,2020-05-20,"This is fun, isn't it? Your hard work has paid off."
304,716,2020-05-20,This paper has pizzazz!
305,550,2020-05-20,This is quite an accomplishment. Your style has spark.
306,843,2020-05-20,This demonstrates your knowledge of the ____. You've made my day.
308,550,2020-05-20,This gets a four-star rating. You've put in a full day today.
314,561,2020-05-20,This is quite an accomplishment. Your style has spark.
315,230,2020-05-20,This is a winner! You've shown a lot of patience with this.
316,606,2020-05-20,This is a winner! You've shown a lot of patience with this.
317,527,2020-05-20,This really has flair.
318,718,2020-05-20,This is prize-winning work. Your remark shows a lot of sensitivity.
320,351,2020-05-20,This is a winner! You've shown a lot of patience with this.
321,843,2020-05-20,That's very perceptive. You've come a long way with this one.
323,229,2020-05-20,That's the right answer. You're right on target.
325,138,2020-05-20,This is quite an accomplishment. Your style has spark.
326,229,2020-05-20,This gets a four-star rating. You've put in a full day today.
327,761,2020-05-20,This kind of work pleases me very much.
328,896,2020-05-20,This is prize-winning work. Your remark shows a lot of sensitivity.
329,550,2020-05-20,This is quite an accomplishment. Your style has spark.
